{"cameraMode":{"drawMode":0,"name":"Shaded","section":"Shading Mode"},"sceneLighting":true,"audioPlay":false,"sceneViewState":{"m_AlwaysRefresh":false,"showFog":true,"showSkybox":true,"showFlares":true,"showImageEffects":true,"showParticleSystems":true,"showVisualEffectGraphs":true,"m_FxEnabled":true},"in2DMode":false,"pivot":{"x":6.234792232513428,"y":-46.46281814575195,"z":128.96139526367188},"rotation":{"x":-0.1644793599843979,"y":-0.030477246269583703,"z":0.005084408912807703,"w":-0.9858985543251038},"size":115.36840057373047,"orthographic":false}