{"cameraMode":{"drawMode":0,"name":"Shaded","section":"Shading Mode"},"sceneLighting":true,"audioPlay":false,"sceneViewState":{"m_AlwaysRefresh":false,"showFog":true,"showSkybox":true,"showFlares":true,"showImageEffects":true,"showParticleSystems":true,"showVisualEffectGraphs":true,"m_FxEnabled":true},"in2DMode":false,"pivot":{"x":-78.29484558105469,"y":-69.54743957519531,"z":126.25495910644531},"rotation":{"x":-0.1644793599843979,"y":-0.030477246269583703,"z":0.005084408912807703,"w":-0.9858985543251038},"size":152.07809448242188,"orthographic":false}